date,tweet,Sentiment
2024-06-01,I love working remotely—so much more productive!,Positive
2024-06-02,Remote work is the best thing that happened to me.,Positive
2024-06-02,I feel so isolated working from home all the time.,Negative
2024-06-03,My mental health has improved since I started remote work.,Positive
2024-06-04,"I'm tired of Zoom calls every day, I miss real meetings.",Negative
2024-06-05,Remote work lets me spend more time with my family.,Neutral
2024-06-06,Sometimes it's hard to draw the line between work and life at home.,Negative
2024-06-07,I’d choose remote work over commuting any day!,Neutral
2024-06-08,Remote work has made collaboration so difficult.,Negative
2024-06-09,Why go back to the office when remote work is clearly effective?,Positive
2024-06-10,The lack of social interaction in remote jobs is depressing.,Negative
2024-06-11,My job satisfaction has skyrocketed since working remotely.,Positive
2024-06-12,I miss watercooler conversations. Remote work is so dry.,Negative
2024-06-13,Remote work gives me freedom and flexibility.,Positive
2024-06-14,It's hard to stay motivated while working from my bedroom.,Positive
2024-06-15,Working from home has saved me so much time on commuting.,Positive
2024-06-16,I struggle to separate work life from home life when remote.,Negative
2024-06-17,Remote work gives me the freedom to travel and still earn.,Positive
2024-06-18,My back hurts from working on the couch all day.,Negative
2024-06-19,The flexibility of remote jobs is unmatched.,Positive
2024-06-20,I miss the structure that the office environment provides.,Negative
2024-06-21,I've been way more productive since switching to remote work.,Neutral
2024-06-22,Team meetings feel less personal over video calls.,Neutral
2024-06-23,Remote work allows me to balance work and parenting.,Neutral
2024-06-24,Too many distractions at home during work hours.,Negative
2024-06-25,The best part of remote work is wearing pajamas all day.,Positive
2024-06-26,I never want to go back to the office again.,Negative
2024-06-27,I miss having lunch with coworkers.,Negative
2024-06-28,It's hard to stay connected with the team remotely.,Negative
2024-06-29,Remote work has reduced my stress significantly.,Negative
2024-06-30,Motivation drops when you have no one around to talk to.,Positive
2024-07-01,I love working from a different city each month.,Positive
2024-07-02,Deadlines are harder to manage without office oversight.,Neutral
2024-07-03,My dog is my new coworker and I love it.,Positive
2024-07-04,Sometimes I forget to take breaks while working from home.,Negative
2024-07-05,Virtual meetings are draining.,Neutral
2024-07-06,I finally have time for hobbies thanks to remote work.,Positive
2024-07-07,I get more done at home without office distractions.,Positive
2024-07-08,Office culture is impossible to replicate remotely.,Neutral
2024-07-09,Remote work has been a blessing for my introverted self.,Positive
2024-07-10,I feel less connected to company goals when remote.,Neutral
2024-07-11,Remote work has opened up global job opportunities.,Positive
2024-07-12,Sometimes I miss the commute—it was thinking time.,Negative
2024-07-13,I'm more relaxed and focused since going remote.,Positive
2024-07-14,I like working from coffee shops while remote.,Positive
2024-07-15,Remote work has changed my work-life balance for the better.,Positive
2024-07-16,I save so much money on transport now that I work remotely.,Positive
2024-07-17,It's hard to feel part of a team when you're always remote.,Negative
2024-07-18,Remote work allows me to care for my elderly parents.,Positive
2024-07-19,Miss having spontaneous brainstorming sessions in the office.,Negative
2024-07-20,Remote jobs have helped me maintain a better diet.,Positive
2024-07-21,Communication is harder in a fully remote setting.,Neutral
2024-07-22,I work longer hours from home without noticing.,Neutral
2024-07-23,I feel more trusted by my employer working remotely.,Positive
2024-07-24,Remote work saved my career during the pandemic.,Positive
2024-07-25,I sometimes feel like I'm invisible in virtual meetings.,Positive
2024-07-26,More companies should embrace remote-first policies.,Positive
2024-07-27,Distractions at home are killing my productivity.,Negative
2024-07-28,I love the flexibility of working when I’m most productive.,Positive
2024-07-29,Video fatigue is real.,Negative
2024-07-30,Remote work makes it easier to relocate and keep your job.,Positive
2024-07-31,Time management is harder when you’re home all day.,Neutral
2024-08-01,Remote work is helping the environment with less commuting.,Positive
2024-08-02,Team spirit is hard to maintain when everyone is remote.,Positive
2024-08-03,I enjoy working from nature parks and cafés.,Positive
2024-08-04,My work-life balance has never been better.,Negative
2024-08-05,"My kids now get to see me more, thanks to remote work.",Positive
2024-08-06,Remote work has helped me take better care of my mental health.,Positive
2024-08-07,Not seeing coworkers in person makes collaboration slower.,Neutral
2024-08-08,Meetings feel less impactful over video.,Neutral
2024-08-09,Remote work helps introverts like me shine.,Positive
2024-08-10,Remote jobs are more inclusive for people with disabilities.,Neutral
2024-08-11,Sometimes I forget to move for hours when working remotely.,Negative
2024-08-12,There’s no one to bounce ideas off quickly when remote.,Negative
2024-08-13,I don’t miss the noise of the office at all.,Negative
2024-08-14,Working remotely has made me more disciplined.,Neutral
2024-08-15,My focus improves with no one looking over my shoulder.,Positive
2024-08-16,Remote work lets me work from multiple time zones.,Neutral
2024-08-17,It’s lonely sometimes but also peaceful.,Positive
2024-08-18,Being remote means I can take small breaks for chores.,Neutral
2024-08-19,I miss face-to-face conflict resolution.,Negative
2024-08-20,I’m grateful my company allows remote work.,Positive
2024-08-21,Wish I had a better home office setup.,Positive
2024-08-22,The silence during virtual meetings is awkward.,Negative
2024-08-23,Remote work should be permanent everywhere.,Neutral
2024-08-24,Hard to build relationships without in-person chats.,Negative
2024-08-25,Remote work has made job-switching easier.,Positive
2024-08-26,I miss office snacks and birthday cakes.,Negative
2024-08-27,"Some days, I don't talk to anyone until evening.",Neutral
2024-08-28,Remote work helped me pursue a side hustle.,Neutral
2024-08-29,Remote work made me value quiet focus time.,Positive
2024-08-30,Daily standups feel less effective remotely.,Positive
2024-08-31,No commuting = more sleep and better mornings.,Positive
2024-09-01,I’ve saved a lot of money working remotely.,Positive
2024-09-02,It feels like work never ends when it’s remote.,Positive
2024-09-03,Remote work helped me move closer to family.,Neutral
2024-09-04,Remote work gives me time for morning workouts.,Neutral
2024-09-05,I miss team lunches and Friday happy hours.,Positive
2024-09-06,I’d be more productive if I had a separate work room.,Neutral
